1001,나의 간절한,나의 간절한 기대와,
1002,나 주님만 찬양해,나 주님만 찬양해,
1003,우리 모두 노래합시다,우리 모두 노래합시다,
1004,사랑의 깃발,사랑의 깃발 들라,
1005,주님 감사를 드려요,주님 감사를 드려요,
1006,그리 아니하실지라도,그리 아니하실 지라도,
1007,이 세상의 그 무엇이,이 세상의 그 무엇이,
1008,주님 없이는 살 수가 없습니다,나는 주님 없이는,
1009,주여! 작은 내 소망을,주여 작은 내 소망을,
1010,창조의 하나님이 나의 아버지,언제나 강물 같은 주의,
1011,하나님의 은혜 (김석균),내 힘으로 안되는 일,
1012,죽임 당하신 어린 양 (최덕신),죽임 당하신 어린양 (최덕신),
1013,내가 가야 할 그 길,내가 가야 할 그 길은,
1014,누구를 위함인가,머리에 가시 면류관,
1015,강물 같은 주의 평화,강물 같은 주의 평화,
1016,너는 내 것이라 (윤용섭),너는 내 것이라고,
1017,오직 생명된 이,잔잔한 호숫가에 돌 하나,
1018,주는 나의 생명의 근원,할렐루야 할렐루야 (김석균),
1019,크게 외치리라,수 많은 세월 속에,
1020,돌아온 탕자,멀고 험한 이 세상 길,
1021,하나님 아버지의 마음,아버지 당신의 마음이,
1022,주님이 오심은,주님이 오심은,
1023,낮엔 해처럼 밤엔 달처럼,낮엔 해처럼 밤엔 달처럼,
1024,오 주여 도우소서,지나온 그 많은 날들,
1025,이 시간 십자가 밑에서,이 시간 십자가 밑에서,
1026,참 좋아라,천국을 소망 삼고,
1027,영광을 주께,영광을 주께 돌려,
1028,구원의 주 예수,구원의 주 예수,
1029,오늘 너의 아픔은,오늘 너의 아픔은,
1030,할렐루야 호산나,할렐루야 할렐루야 (Bruc Clewett),
1031,○○교회,대망의 우뚝 솟은,
1032,예수는 나의 왕,나의 마음이 주를,
1033,부흥,이 땅의 황무함을 보소서,
1034,주를 찬양,세상의 유혹 시험이,
1035,내가 나의 목소리로,내가 나의 목소리로,
1036,주님이 가라시면,주님이 가라시면,
1037,내겐 만족함이 없었네,사람을 보며 세상을,
1038,성전건축 축복송,우리의 기도 응답하시고,
1039,오늘 나는,내가 먼저 손 내밀지,
1040,주 예수를 만날 때까지,넓고 큰 바다 위에,
1041,무겁고 지친,무겁고 치친 십자가를,
1042,참회록,수 없는 날들이 나에게,
1043,사랑의 주님이,사랑의 주님이 날 사랑,
1044,고난의 길목에서,길고 긴 세월을 고난의,
1045,이 몸을 적십니다,사랑의 주 하나님 독생자,
1046,나는 행복해요,주님 한 분 밖에는,
1047,그를 향하여,그를 향하여 우리의,
1048,예수님 찬양,주의 이름을 부르는 자는,
1049,비젼,우리 보좌 앞에 모였네,
1050,그 사랑 얼마나,다 표현 못해도 나 표현,
1051,생명의 면류관,우리 분별할 것은,
1052,눈물의 참회록,지금 것 내가 한일이,
1053,주의 찬송 세계 끝까지,전심으로 주 찬양,
1054,나의 기도는 이런 것,나의 기도는 이런 것,
1055,주님 내게 오시면,세상 부귀 안일함과 세상,
1056,우리의 어두운 눈이,우리의 어두운 눈이,
1057,오늘을 위한 기도,잃어버린 것들에,
1058,축복송 (김동국),하나님 00을 축복하소서,
1059,늘 노래해,험하고 어두운 길,
1060,그저 감사할 뿐,나 주를 만나 나의 길,
1061,발걸음은 언제나,발걸음은 언제나 주를,
1062,아도나이 내 사랑,내 영혼 깊은 곳에서,
1063,주님 다시 오실 때까지,주님 다시 오실 때까지,
1064,하나님은 우리를,하나님은 우리를,
1065,내 영혼 언제나 평안해,잔잔한 바다 한가운데서,
1066,너는 아느냐,내가 너를 얼마나,
1067,에바다 (윤용섭),이전에 세상 길 헤매일,
1068,함께 주의 이름 높여,함께 주의 이름 높여,
1069,해 같이 빛나리,당신의 그 섬김이,
1070,할 수 있어요,할 수 있어요 예수 안에서,
1071,아름답게,천지를 아름답게 지으신,
1072,기도 할수 있는데,기도 할 수 있는데,
1073,우리가 존재하는 이유,한번쯤 생각해 보세요,
1074,주님 이곳에,주님 이곳에 주님,
1075,나는 주의 깃발든 군사,나는 주의 깃발 든 군사,
1076,용서하소서,주님 것을 내 것이라고,
1077,야베스의 기도,주께서 내게 복에 복을,
1078,주님의 군사,주의 진리 말씀 들고,
1079,예수 안에 머물기 원하네,예수 안의 나의 생각이,
1080,예수 그분 계시니,재물도 소용없고,
1081,일어나 걸어라,나의 등뒤에서 나를,
1082,예수여,내 육신 약하여 마음이,
1083,나는 이젠 오직 예수,세상 노래 즐겁게 힘과,
1084,주는 땅 위에서,주는 땅 위에서,
1085,나 외롭지 않네,나 외롭지 않네,
1086,사랑하는 내 아들아,억새풀 우거지고,
1087,예배합니다 (완전하신),완전하신 나의 주,
1088,주님만 바라봅니다,내가 외로움에 지쳐,
1089,주 예수여 오시옵소서,주 예수여 오시옵소서,
1090,나 이제,나 이제 두렵지 않네,
1091,이 시간 주님께 (강태원),이 시간 주님께 기도합니다,
1092,나는 믿노라,깊은 슬픔 가운데 홀로,
1093,나의 참 친구,예수 보다 더 좋은,
1094,예배하기까지,땅의 모든 끝이,
1095,우리에게 향하신,우리에게 향하신 여호와의,
1096,늘 언제나 늘 가까이,늘 언제나 늘 가까이,
1097,이제는 쓰러지지 않으리,힘들고 지쳐 쓰러질 때,
1098,내가 산을 향하여,내가 산을 향하여 눈을,
1099,주님 앞에 무릎 꿇고,고요히 주님 앞에와,
1100,평화의 집,예수님은 우리 집의,
1101,즐거웁게 찬양하면서,즐거웁게 찬양 하면서,
1102,주 앞으로 나아가,주 앞으로 나아가,
1103,항상 기뻐해요,항상 기뻐해요,
1104,파송의 노래,너의 가는 길에 주의 평강,
1105,너는 내 것이라 (최덕신),네가 부유해도 가난해도,
1106,소중한 부부,여보 미안해요 살아갈수록,
1107,그는 실로 우리의,그는 실로 우리의,
1108,하나 되게 하소서,하나님께서는 우리의 만남을,
1109,주는 나의 목자,주는 나를 기르시는,
1110,너는 복의 근원될지라,너는 너의 본토 친척,
1111,Greeting Song,Woo~ 푸른 하늘과 흰구름,
1112,탕자처럼,탕자처럼 방황 할 때도,
1113,너를 사랑해,너를 사랑해 내 가슴이,
1114,너는 그리스도의 향기라,너는 그리스도의 향기라,
1115,진실한 사랑,낙심할 때에도 좌절할 때에도,
1116,부르짖으라,내가 주를 향하여 눈을,
1117,주님만이 나의 행복,주님을 사랑하다,
1118,깨어있어 맞이 하여라,우리 주님 오신 날에,
1119,이 땅 위에 하나님의 교회,이 땅 위에 하나님의,
1120,주님 가신 길,주님 가신 길 십자가의 길,
1121,주님의 영광,영광을 돌리세 우리,
1122,우리의 만남 영원하게,우리의 만남은,
1123,이젠 들리는가,이젠 들리는가 너희를,
1124,기도,마음이 어둡고 괴로울 때,
1125,거룩한 성에,거룩한 성에 들어가겠네,
1126,이사야의 입술에,이사야의 입술에 제단,
1127,찬양 할 수 있는 기쁨,찬양할 수 있는 기쁨,
1128,주기도문 (장욱조),하늘에 계신 아버지 (장욱조),
1129,주 이름 높이어,주 이름 높이어 내민 손이,
1130,사랑의 종소리,주께 두 손 모아 비나니,
1131,축복의 사람,주께 힘을 얻고,
1132,주님 앞에,주님 앞에 엎디어서,
1133,가라,세상 끝날까지 함께,
1134,주님 뜻대로,주님 뜻대로 살기로,
1135,사명의 노래,골고다 언덕 메시아의,
1136,찬양이 언제나 넘치면,찬양이 언제나 넘치면,
1137,오호라 나는,오호라 나는 곤고한 사람,
1138,복음의 나팔을 불어라,생명 빛 비추어라,
1139,사람 그리고 예수,사람이 흙으로 지어지고,
1140,복있는 사람은,복 있는 사람은 악인의,
1141,성령이여 임하소서,성령이여 임하소서,
1142,주여 어찌 하오리까,주여 어찌하오리까,
1143,나 가진 것 없다고,나 가진 것 없다고,
1144,만백성들아,만백성들아 모여라,
1145,예수,높고 높은 보좌를 떠나,
1146,주 사모합니다,주 사모합니다,
1147,내가 너를 (불렀나니),내가 너를 불렀나니,
1148,하나님,하나님 하나님 여호와,
1149,내가 너를 택했노라,내가 너를 택했노라,
1150,기도하는 그대여,깊은 밤 홀로 우는,
1151,내가 너를 도우리라,세상 일에 실패 했어도,
1152,내가 영으로,내가 영으로 노래하리니,
1153,주는 우리의 기쁨,주는 우리의 기쁨,
1154,하루를 살아도,하루를 살아도,
1155,온 세상 향한,온 세상 향한 아버지의,
1156,그 이름 예수,죽은 나사로 그의 형제 앞에,
1157,감사드려요,감사 드려요 날 사랑하심,
1158,여호와는 나의 반석,여호와는 나의 반석,
1159,나는 가고 싶소,나는 가고 싶소 주님,
1160,주 예수 사랑 기쁨,주 예수 사랑 기쁨,
1161,주 찬양합니다,주 찬양합니다 내 마음을,
1162,주님을 알기 전에,주님을 알기 전에,
1163,그 진실한 사랑,그 진실한 사랑 그,
1164,나의 하나님은,나의 하나님은 나의,
1165,산제사,아버지의 마음을,
1166,난 믿어요 예수,내 삶을 주께 드리며,
1167,생명 나무,갈보리 언덕에 주님의,
1168,내가 내 교회를 세우리니,내가 내 교회를 세우리니,
1169,주님 사랑해요 (김동국),주님 사랑해요,
1170,그 날까지,주님을 따라 가기엔,
1171,너는 두려워 말라,너는 두려워 말라 내가,
1172,영광의 왕 위대한 전사,당신은 영광의 왕 (김석균),
1173,언제까지나,괴로운 일과 슬픔의,
1174,이 길을 함께,길을 걷다가 지쳐,
1175,여기에 모인 우리 (전체1절),여기에 모인 우리 (전체1절),
1176,불속에라도 들어가서,죄악 된 세상을,
1177,하나님만을,하나님만을 하나님만을,
1178,당신은 하나님의 사람,주님은 은혜로 살아가는,
1179,찬양을 하면은,찬양을 찬양을 하면은,
1180,고백,어느 날 다가온 주님의,
1181,정결한 마음 주소서,정결한 마음 주시옵소서,
1182,주님의 쓴잔을,주님의 쓴 잔을,
1183,축복송 (송정미),때로는 너의 앞에,
1184,사랑의 하나님,사랑의 하나님 알게,
1185,복음의 씨를 뿌리세,우리 모두 함께 복음의,
1186,나의 가는 길을,나의 가는 길을 오직,
1187,주의 나라 세워지리라,하나님의 사랑은,
1188,나의 하나님 (하나님은 사랑이요),하나님은 사랑이요,
1189,주소서,슬퍼할 만할 때에,
1190,눈을 들어 하늘을,사방이 가로막혀,
1191,주님께 영광을,주님께 영광을 주님께,
1192,우리는 하나,우리 이웃 어떻게 사는지,
1193,정처 없이 살아온,정처 없이 살아온,
1194,사랑 사랑,형제의 손잡고 기도를,
1195,내 맘 깊은곳,내 맘 깊은 곳 주께,
1196,서로 사랑하자 (박형근),우리는 주님의 자녀,
1197,자기를 위하여,자기를 위하여 높이는 자는,
1198,하나님의 은혜 (남보석),내가 지금 부름 받음은,
1199,당신을 향한 노래,아주 먼 옛날 하늘에서는,
1200,별처럼 빛나고,별처럼 빛나고 아름다운,
1201,오늘 이 하루도,내게 주어진 하루를,
1202,오 이 기쁨,오 이 기쁨 주님,
1203,눈물만 흘렸다오,주를 멀리 떠나 살면서,
1204,기적의 하나님,그 어느 날 새가,
1205,나의 힘이 되신 여호와여,나의 힘이 되신 여호와여,
1206,주님의 살과 피,주님의 살과 피,
1207,할렐루야 주가 다스리네,할렐루야 주가 다스리네,
1208,주님께 찬양하는 우리의,주님께 찬양하는,
1209,수가성의 사마리아 여자,수가성의 사마리아,
1210,나의 본향 집,우리가 세상을 사는,
1211,오직 믿음으로,세상 흔들리고 사람들은,
1212,기쁨의 노래,우리 모두 다 소리,
1213,복 되어라 우리 가정,복되어라 우리가정,
1214,어두운 세상 방황하며,어둔 세상 방황하며,
1215,위로의 말 한마디,위로의 말 한마디,
1216,예수 이름이 온 땅에,예수 이름이 온 땅에,
1217,하나님은 너를 지키시는,하나님은 너를 지키시는 자,
1218,예수 이름 높이세,수많은 무리들 줄지어,
1219,하나님의 약속 (축복송),여호와는 너에게 복을,
1220,아직도 용서할 수가 없나요,아직도 미움의 불씨가,
1221,나의 평생에,나의 평생에 오직,
1222,당신의 생일을 축하합니다,당신의 생일을 축하,
1223,아버지 감사해요,아버지 감사해요,
1224,그 사랑의 숨결,따스한 햇살처럼,
1225,주 하나님 왜,주 하나님 왜 어리석은,
1226,주를 위해 바칩니다,세상에서 방황할 때,
1227,나의 하나님 (강태원),나의 하나님 나의 하나님,
1228,주님의 품으로,내 사랑하는 형제여,
1229,오! 기쁘도다,오 기쁘도다 나의 생활,
1230,너도 나처럼,나의 친구여 내 말을,
1231,우리 모두 다 함께,우리 모두 다 함께,
1232,나의 주 크고 놀라운 하나님,나의 주 크고 놀라운,
1233,나를 향한 그 큰 사랑,주님을 부인했던,
1234,주가 보이신 생명의 길,주가 보이신 생명의 길,
1235,나의 노래가 되시는,나의 노래가 되시는,
1236,믿음으로 이겨 나가리 ..,지치고 상한 내 영혼,
1237,희망의 나무,내 삶에 깊은 슬픔이,
1238,그것으로 난 족해요,두 손 모두 놓았어요,
1239,날 다스리소서,나의 입술로 범죄치,
1240,영광의 주님 찬양,영광의 주님 찬양하세,
1241,감사,나는 비록 건강치 못해도,
1242,주께 가까이 (최덕신),주께 가까이 더욱 가까이,
1243,좋은 이웃 축복송,그대를 만난건 주님의,
1244,오 신실하신 주,하나님 한번도 나를,
1245,너는 내 아들이라,힘들고 지쳐,
1246,우리가 걷는 이 길,우리가 걷는 이 길은,
1247,우리 오늘 눈물로,우리 오늘 눈물로,
1248,내가 할 수 있는 것은,내가 할 수 있는 것은,
1249,주님의 성령 지금 이 곳에,주님의 성령 지금 이곳에,
1250,참 기쁘다,아무리 사랑이 좋다,
1251,왜 날 사랑하나?,예수님 날 위해 죽으셨네,
1252,나는 가리라,나는 가리라 영원한 나라,
1253,어머니의 기도,예배당에 처음 간 날,
1254,기도는 만사를 변화시킨다,기도는 만사를 변화,
1255,여호와는 나의 목자 (이은수),여호와는 나의 목자시니 (이은수),
1256,사랑의 송가,천사의 말을 하는 사람도,
1257,주 여호와는 나의 힘,우리들은 여호와를 인하여,
1258,내 평생 사는 동안,내 평생 사는 동안,
1259,나 사는 동안 (소망),나 사는 동안 소망,
1260,축복합니다 (당신을),축복합니다 당신을,
1261,야곱아 이스라엘아,우리가 고난의 바다를,
1262,나 항상 주의 십자가,나 항상 주의 십자가,
1263,내가 엄마 품속에서,내가 엄마 품속에서,
1264,예수 정예군,당신이 어느 족속 어느,
1265,주여 영광 받으소서,마음으로 기쁜 찬송을,
1266,아름다운 마음들이 모여서,아름다운 마음들이,
1267,지금 내 마음 속엔,지금 내 마음 속엔,
1268,우리 하나가 되자,당신은 하나님의 존귀한,
1269,기도하세요 지금,기도하세요 지금 아직,
1270,만남,수많은 사람들과 만남,
1271,시편 8편,여호와 우리 주여,
1272,보혈을 지나,보혈을 지나 하나님,
1273,회복시키소서,잃어버린 나의 눈물을,
1274,살아계신 하나님 (최덕신),살아계신 하나님 역사하는,
1275,평화의 노래,나 어느 날 괴로워서,
1276,예전엔 주님을 몰랐죠,예전에 주님을 몰랐죠,
1277,도우시네 주님이,도우시네 주님이,
1278,위로,나의 마음 약해,
1279,이젠,이젠 주님 앞에 두 손을,
1280,주님을 찬양하라,너 주님의 가시관,
1281,이 산지를 내게 주소서,주님이 주신 땅으로,
1282,주의 이름 높이며,주의 이름 높이며,
1283,거룩하신 주 앞에,거룩하신 주 앞에 찬양,
1284,호산나 찬양,사랑의 주 평화의 주님,
1285,가서 제사 삼으라,갈릴리 마을 그 숲 속에서,
1286,영원하신 나의 목자,나를 사랑하시는 주님,
1287,부어주소서 주님의,부어주소서 주님의,
1288,내가 너와 함께 있어,아무도 알지 못하는,
1289,예수께 오라,어둠 속에서 울고있는 자,
1290,너의 푸른 가슴 속에,너의 푸른 가슴속에,
1291,주님 손잡고 일어서세요,왜 나만 겪는 고난이냐고,
1292,내가 져야 할 십자가,내가 져야 할 십자가,
1293,지금은 엘리야 때처럼,지금은 엘리아 때처럼,
1294,성령의 비가 내리네,성령의 비가 내리네,
1295,할렐루야 찬송합시다,언제나 즐거웁게,
1296,성령님 인정합니다,성령님 인정합니다,
1297,골고다 언덕 붉게 물든,골고다 언덕아래,
1298,십자가를 바라본 순간,십자가를 바라본 순간,
1299,능력의 나의 주님,동남풍이 불어와도,
1300,주여 진실하게 하소서,주여 진실하게 하소서,
1301,베드로의 고백,사랑하는 주님 내게,
1302,주님 예수 나의 동산,주님 예수 나의 동산,
1303,주의 이름 송축하리,주의 이름 송축하리,
1304,주님의 영광이 임하셔서,주님의 영광이 임하여서,
1305,너무 멀리 왔나요,너무 멀리 왔나요,
1306,우리 함께 기도해,우리 함께 기도해,
1307,찬양의 제사 드리며,주의 이름 안에서,
1308,내 영 자유케 하소서,내 영 자유케 하소서,
1309,오직 예수 (강태원),죄 많은 이 몸 불쌍한 영혼,
1310,내게 오라,죄에 빠져 헤매이다가,
1311,우리 모두 주 찬양,손을 높이 들고 입을,
1312,귀하신 주 보혈,주님의 보혈로 날 씻어,
1313,두려워 말라,두려워 말라 주님은,
1314,나를 받으옵소서,주님 내가 여기 있사오니,
1315,세상에 부귀도,세상의 부귀도 세상에,
1316,나의 마음 나의 생각,나의 마음 나의 생각,
1317,주님 궁정으로 들어가리,주님 궁정으로 들어가리,
1318,예수 전하세,예수님 가신 길 골고다의,
1319,소망,푸른 초장에 날 누이고,
1320,열어주소서,열어주소서 열어주소서,
1321,주님을 사랑하리라,세상은 날 유혹하지만,
1322,예수 오직 주님,슬픔으로 낙심될 때,
1323,내가 천사의 말 한다 해도,내가 천사의 말한다 해도,
1324,나와 같은 죄인들의 친구,나와 같은 죄인들의,
1325,정직하라,나는 거짓을 기뻐할 수,
1326,십자가의 길,한걸음 또 한걸음,
1327,나 주만 따르리라,나 주만 따르리라,
1328,폭풍 같은 환란이 올 때,폭풍 같은 환란이 올 때,
1329,영의 눈을 뜨고 보자,눈을 뜨고 세상 보니,
1330,내 영혼의 구세주,내 영혼의 구세주,
1331,행복해 질 수 있어요,우리는 언제나,
1332,누구 때문에,누구 때문에 주님 십자가,
1333,에바다,어두워진 세상 길을,
1334,하나님이 창조하신,하나님이 창조하신 (윤용섭),
1335,예수 사랑해요,예수 사랑해요 나 주께,
1336,땅 끝까지 이르러,날이 갈수록 어두워진,
1337,하나님 참사랑,하나님의 참 사랑은,
1338,약속의 땅,주님 손 붙잡고 가는,
1339,존귀하신 예수,존귀하신 예수 존귀하신,
1340,찬양 찬양,무릎 꿇고 주를 경배,
1341,고난이 유익이라,네 짐이 무겁고 힘이,
1342,나의 사랑하는 주님,나의 사랑하는 주님 나를,
1343,주님 사랑해요,날마다 기도하는 삶,
1344,오늘 이 하루가,오늘 이 하루가,
1345,감사의 기도,오늘 하루도 살아있음에,
1346,이제,그 길 멀고 긴 방황의,
1347,나의 삶으로 드리는 찬양,하나님이 가장 기뻐하는,
1348,나,나 가진 재물 없으나,
1349,알았네,알았네 나는 알았네,
1350,내 안에 있는 예수,내 안에 있는 예수,
1351,하나님은 사랑이요,하나님은 사랑이요 (재편곡),
1352,기다림 (Waiting),나 알 수 없네 주님이,
1353,사랑은 더 가지지 않는 것,사랑은 참으로 버리는 것,
1354,기쁨 소망 주소서,내 평생에 근심 걱정,
1355,오 주여 나의 마음이,오 주여 나의 마음이,
1356,구하라 주실 것이요,나의 하나님이 그리스도,
1357,주님의 선물,그대는 주님 보내신,
1358,주님 내 안에,언제나 내 모습 너무나,
1359,주님 당신으로 만족해요,주님 당신 없인 난 살수가,
1360,우리의 죄를 용서하여 주소서,우리의 사랑 미움만 있고,
1361,십자가 (전종혁),갈보리 십자가 그 안에,
1362,감당할 수 없는 그 사랑,하나님 크신 사랑은,
1363,여호와 나의 목자,여호와 나의 목자,
1364,주를 사랑하는가,손에 있는 부귀보다,
1365,아버지는 나의 최고,아버지는 나의 최고,
1366,계신 주님,나의 앞에 계신 주님,
1367,주님과 함께 가면,주님과 함께 가면,
1368,동참,너 고통 당할 때,
1369,그의 길을 따르며,오 예수님 오신 그 의미를,
1370,하나님은 실수하지 않으신다네,내가 걷는 이 길이,
1371,이삭의 축복 (김동국),내 아들의 향취는,
1372,예수님의 눈물,하나님이 이 세상을,
1373,예수를 깊이 생각하라,너 주님을 생각하라,
1374,그 날,사망의 그늘에 앉아,
1375,내 손 잡아 주셨네,샘물처럼 넘쳐 흐르는,
1376,주님 도와주소서,나의 맘에 나의 맘에,
1377,주여,주여 나의 삶이,
1378,하나님 계획은,하나님 계획은 오묘하셔서,
1379,예수는 나의 기쁨,예수는 나의 기쁨,
1380,손을 높이 들고,손을 높이 들고 주를,
1381,온전케 되리,주 앞에 나와 제사를 드리네,
1382,우리 우리 주님은,우리 우리 주님은,
1383,날 사랑하신,날 사랑하신 주님의,
1384,할 수 있다 하신 이는,할 수 있다 하신 이는,
1385,오늘,오늘 내가 미워한 사람이,
1386,이런 믿음은 안돼,예배시간에 꼭 오분씩,
1387,기대,주 안에 우린 하나,
1388,큰 영광 중에 계신 주,큰 영광 중에 계신 주,
1389,주님의 증인,우리는 모두 다 주님의,
1390,어머니의 성경책,어느 길가에 서있는,
1391,성령의 바람이 불어,성령의 바람이 불어,
1392,우리 함께 모여,우리 함께 모여 주의,
1393,주 앞에,주 앞에 겸손히 나 서있네,
1394,주님 사랑 온누리에,주님의 사랑이 이곳에,
1395,금이냐 은이냐,금이냐 은이냐,
1396,주여 나에게,주여 나에게 세상은 넓어요,
1397,예수 이름으로,예수 이름으로,
1398,나를 향한 주님의 사랑,이 세상 무엇과도 (김동국),
1399,나를 사랑하는 자들이,나를 사랑하는 자들이,
1400,축하해요,하나님의 큰 사랑이,
1401,사명자의 고백,주를 위해서라면,
1402,오 예수님,오 예수님 내가옵니다,
1403,결코 포기하지 않으리,결코 포기하지 않으리,
1404,여호와는 나의 목자 (김영기),여호와는 나의 목자,
1405,할렐루야 그 성소에서,할렐루야 그 성소에서,
1406,크신 주께 영광 돌리세,크신 주께 영광 돌리세,
1407,어디서 들리는가,어디서 들리는가 주의,
1408,탕자의 눈물,가시관을 쓰신 예수,
1409,가장 소중한 주님,나와 함께하시는 가장,
1410,주님 한 분만으로,주님 한 분만으로,
1411,예수가 좋다오,많은 사람들 참된 진리를,
1412,나의 남은 생애는,나의 남은 생애는,
1413,주님은 너를 사랑해,주님은 너를 사랑해,
1414,하늘 나라 영광나라,이 세상을 산다며는,
1415,사랑의 나눔 있는 곳,사랑의 나눔 있는 곳에,
1416,사랑하고 살아도,사랑하고 살아도 모자란,
1417,하나님 아버지께,하나님 아버지께 감사하세,
1418,내가 너를 지명하였고,내가 너를 지명하였고,
1419,은총 (결혼축가),살 중의 살이요 뼈 중의,
1420,아침 안개 눈 앞 가리듯,아침 안개 눈앞 가리듯,
1421,오 주여 회복하소서,오 주여 회복하소서,
1422,주님의 손,주님의 손 연약한,
1423,내가 살아야 할 이유,내가 살아야할 이유는,
1424,나는 너의 하나님이라,한치 앞도 볼 수 없는,
1425,하나님을 위하여,나에게 건강 있는 것,
1426,형제의 모습 속에,형제의 모습 속에,
1427,이 몸을 받아주소서,사랑하시는 나의 예수님,
1428,누구도 모르는 너의 고통을,누구도 모르는 너의 고통을,
1429,주의 놀라운 사랑을,주의 놀라운 사랑을,
1430,달리다굼,캄캄한 인생길 홀로,
1431,춤추며 찬양하리,절망과 고통 속에,
1432,예배자,아무도 예배하지 않는,
1433,주님 나라 임하시네,주님 나라 임하시네,
1434,깨끗이 씻겨야 하리,부서져야 하리,
1435,흔적,너무 멀리 와버린 것인지,
1436,옥합,내 삶의 가장 아름다운,
1437,싱글 벙글,나 싱글벙글 웃는 마음,
1438,부흥 2000,오소서 진리의 성령님,
1439,광야를 지날 때,광야를 지날 때,
1440,주님 사랑합니다,주님 사랑합니다,
1441,여호와는 우리의 깃발,여호와는 우리의 깃발,
1442,골로새서,너희가 예수를 주로,
1443,풍성한 삶,천지를 지은 주님께서,
1444,강한 용사,강하고 담대 하라 너의 주,
1445,겸손,슬픔 속에서도 울지,
1446,주님 나를 부르셨으니,주님 나를 부르셨으니,
1447,그 이름,예수 그 이름 나는,
1448,주 예수 나의 당신이여,빛이 없어도 환하게,
1449,주 사랑 안에 거할 때,주 사랑 안에 거할 때,
1450,그토록 사랑하셨나요,세상 바다 물속에서,
1451,주 사랑합니다,주 사랑합니다,
1452,오늘은 좋은 날,오늘은 좋은 날이,
1453,예수님 말씀 사랑 내 맘에,예수님 말씀 내 안에,
1454,내 손들어,내 손들어 주님을,
1455,엘로힘의 하나님,엘로힘 엘로힘 엘로힘,
1456,영성의 바람아 불어라,영성의 바람아 힘차게,
1457,너를 사랑함이라,십자가에서 널 위해,
1458,십자가 앞에서,십자가 앞에서 뜨거운,
1459,내가 믿기만 한다면,내가 믿기만 한다면,
1460,나를 인도하소서,나 주를 멀리 떠나서,
1461,주님 주신 삶,밤이 지나면 아침이,
1462,할 수 있다 해보자,할 수 있다 하면 된다,
1463,보라 새 일을,보라 새 일을 행하시리니,
1464,흙으로 사람을,흙으로 사람을 지으사,
1465,오직 주의 사랑에 매여,오직 주의 사랑에 매여,
1466,스바냐 3:17 (너의 하나님 여호와가),너의 하나님 여호와가,
1467,넘지 못할 산이 있거든,넘지 못할 산이 있거든,
1468,지은 죄 많은 우리,지은 죄 많은 우리,
1469,요한의 아들 시몬아,요한의 아들 시몬아,
1470,친구의 고백,아름다웠던 지난 추억들,
1471,왕의 왕 주의 주,왕의 왕 주의 주,
1472,이스라엘의 하나님,이스라엘의 하나님 날 위해,
1473,사랑이 식어진 곳,사랑이 식어진 곳 거기,
1474,일을 행하는 여호와,일을 행하는 여호와,
1475,주여 인도 하소서,지치고 상한 내 영혼을,
1476,행복한 사람들,무엇이 행복이냐,
1477,오병이어,오병이어 한 소년이,
1478,그 날이,그날이 언제인지 몰라도,
1479,오라 우리가 세상을,이 세상은 날이 갈수록,
1480,우리 이 땅에,우리 이 땅에 몸으로,
1481,은혜의 그 보좌,은혜의 그 보좌,
1482,죽임 당하신 어린 양 (고형원),죽임 당하신 어린양 (고형원),
1483,흔들어 봐요,흔들 흔들 흔들,
1484,주가 거기 계심으로,주님 내가 광야 가운데,
1485,사랑해요 아름다운 이름,사랑해요 아름다운 이름,
1486,예수님 사랑해요,예수님 사랑해요,
1487,주님 안에 거하라,주님 안에 거하라 거기엔,
1488,내 눈 주의 영광을 보네,내 눈 주의 영광을,
1489,수고하고 무거운 짐 진 자들아,수고하고 무거운,
1490,예수 믿으세요,당신은 지금 어디로,
1491,주의 길을 가리,비바람이 갈 길을,
1492,새벽,왜 이렇게 된걸까,
1493,주님! 어떻게 할까요,주님 어떻게 할까요,
1494,이 세상 이 세상,이 세상 이세상 영원한,
1495,낙엽처럼 살아온,낙엽처럼 살아온 내 모습,
1496,사랑의 주님,어두운 사랑의 골짝에서,
1497,깨뜨린 옥합,내가 주님 앞에 무엇,
1498,내게 있는 향유 옥합,내게 있는 향유 옥합,
1499,주의 인자는 끝이 없고,주의 인자는 끝이 없고,
1500,나의 아버지 (김동국),아버지 불러만 봐도,
1501,오늘 내게 한 영혼,오늘 내게 한 영혼,
1502,아버지 내 삶의 모든 것,아버지 내 삶에 모든 것,
1503,나를 향한 주의 사랑,나를 향한 주의 사랑,
1504,새벽을 깨우리로다,우리의 믿음이 거룩하여,
1505,하나님은 당신을 통해,당신은 복음의 편지,
1506,나는 주만 높이리,나는 주만 높이리,
1507,하나님께로 더 가까이,하나님께로 더 가까이,
1508,저 성벽을 향해,저 성벽을 향해,
1509,주의 장막에서,주의 성산에서 한날이,
1510,주님 계신 곳에 나가리,주님 계신 곳에 나가리,
1511,왕의 지성소에 들어가,왕의 지성소에 들어가,
1512,내 영이 주를,내 영이 주를 찬양,
1513,선하신 목자,선하신 목자 날,
1514,그들은 모두 주가 필요해,매일 스치는 사람들,
1515,주의 이름 송축하리라,주의 이름 송축하리라,
1516,사랑하는 나의 아버지,사랑하는 나의 아버지,
1517,더욱 크신 은혜,내가 지금 사는 것,
1518,감사함으로,여호와를 즐거이 불러,
1519,십자가 (박지영),십자가 십자가 그 위에,
1520,우리 주의 성령이,우리 주의 성령이,
1521,신실하게 진실하게,신실하게 진실하게,
1522,주의 능력 보이소서 ..,모든 만물 다스리시는,
1523,나 기뻐하리,나 기뻐하리 나 기뻐하리,
1524,예수 나의 첫사랑 되시네,예수 나의 첫사랑,
1525,살아계신 주,주 하나님 독생자 예수,
1526,송축하리라 주,송축하리라 주의,
1527,사모곡,흘러내리는 눈물의,
1528,주 이름 큰 능력 있도다,주 이름 큰 능력 있도다,
1529,사랑,사랑은 언제나 오래 참고,
1530,내 입술로,내 입술로 하나님의,
1531,시편 19편,내 입술에 말과 나의,
1532,주께 가오니,주께 가오니 날 새롭게,
1533,영원한 사랑,눈으로 사랑을 그리지,
1534,예수님이 말씀하시니,예수님이 말씀하시니,
1535,다 와서 찬양해,다 와서 찬양해 사랑을,
1536,저 높은 보좌에,저 높은 보좌에,
1537,오셔서 채우소서,오 나의 자비로운 주여,
1538,예수 이름으로 나는 일어 서리라,예수의 이름으로,
1539,하나님의 은혜 (신상우),나를 지으신 이가,
1540,승리하였네,승리하였네 어린양의,
1541,찬양하세,찬양하세 찬양하세,
1542,성도들아 이 시간은,성도들아 이 시간은,
1543,주를 향한 나의 사랑을,주를 향한 나의 사랑을,
1544,승리는 내 것일세,승리는 내 것일세,
1545,아바 아버지,아바 아버지 아바 아버지,
1546,예수 귀하신 이름,예수 귀하신 이름,
1547,할렐루야 살아계신 주,할렐루야 살아계신 주,
1548,재 대신 화관을,재대신 화관을 내게,
1549,겟세마네 동산에서,겟세마네 동산에서,
1550,나 주님의 기쁨 되기 원하네,나 주님의 기쁨 되기,
1551,창조의 아버지,창조의 아버지 그 섭리,
1552,주 여호와는 광대하시도다,주 여호와는 광대하시도다,
1553,주의 거룩하심,주의 거룩하심 생각할 때,
1554,은혜로만,은혜로만 들어가네,
1555,좋으신 하나님 (Israel Houghton),좋으신 하나님 인자와,
1556,해 뜨는데 부터,해 뜨는 데부터,
1557,성령이 불타는 교회,성령님이 임하시면,
1558,예수님이 좋은 걸,예수님이 좋은걸,
1559,그 날이 도적같이,그날이 도적같이,
1560,나를 지으신 주님,나를 지으신 주님,
1561,나로부터 시작되리,저 높은 하늘 위로 밝은 태양,
1562,너는 시냇가에 심은 나무라,너는 시냇가의 심은,
1563,모든 상황 속에서,모든 상황 속에서 주를,
1564,우리를 낳아 기르신,우리를 낳으시고 기르신,
1565,주 예수의 이름 높이세,주 예수의 이름 높이세,
1566,주 여호와 능력의 주,주 여호와 능력의 주,
1567,사랑의 손길,나를 위해 오신주님,
1568,은혜로다 (심형진),시작됐네 우리 주님의,
1569,감사해,감사해 시험이,
1570,마지막 날에,마지막 날에 내가 나의,
1571,왕 되신 주께 감사하세,왕 되신 주께 감사하세,
1572,이런 교회 되게 하소서,진정한 예배가 숨쉬는,
1573,주의 이름 높이며 주를 찬양,주의 이름 높이며 주를,
1574,당신은 사랑받기 위해,당신은 사랑 받기 위해,
1575,벙어리가 되어도,주여 우리의 죄를,
1576,고난의 길,십자가를 등에 지고,
1577,주님은 산 같아서,안개가 날 가리워,
1578,주 우리 아버지,주 우리 아버지,
1579,호흡이 있는 모든 만물,호흡 있는 모든 만물,
1580,영광 가장 높은 곳에,영광 가장 높은 곳에,
1581,주의 자비가 내려와,주의 자비가 내려와,
1582,오셔서 다스리소서,산과 시내와 붉은 노을,
1583,구원이 하나님께,구원이 하나님과 보좌,
1584,사랑의 주님,사랑의 주님 사랑의 주님,
1585,유월절 어린 양의 피로,유월절 어린양의 피로,
1586,목마른 사슴이,목마른 사슴이 시냇물 (천관웅),
1587,온 맘 다해,주님과 함께하는,
1588,약한 나를 강하게,약한 나를 강하게,
1589,예수보다 더 큰 사랑,예수보다 더 큰 사랑,
1590,모든 존귀와 영광,모든 존귀와 영광을,
1591,내일 일은 난 몰라요,내일 일은 난 몰라요,
1592,하나님이시여,하나님이시여,
1593,나의 가는 길,나의 가는 길 주님,
1594,우리 모일 때,우리 모일 때 주 성령,
1595,담대하라,이것을 너희에게 이름은,
1596,이와 같은 때엔,이와 같은 때엔,
1597,부르신 곳에서,따스한 성령님 마음으로,
1598,축복의 통로,당신은 하나님의 언약,
1599,너희는 가만히 있어,하나님은 우리의,
1600,두 손들고 찬양합니다,두 손들고 찬양합니다,
1601,내가 만민중에,내가 만민 중에 오 주께,
1602,일어나라 주의 백성,일어나라 주의 백성,
1603,주 다스리시네,복음 들고 산을 넘는,
1604,오직 예수 (Jonathan Douglass),주 발 앞에 나 엎드려,
1605,주의 인자하심이,주의 인자하심이 생명보다,
1606,나의 마음을,나의 마음을 정금과,
1607,성령이 오셨네,허무한 시절 지날 때,
1608,할렐루야 전능하신 주께서,할렐루야 전능하신,
1609,사명,주님이 홀로 가신,
1610,왕이신 하나님,왕이신 하나님 높임을,
1611,나의 하나님 (유상렬),나의 하나님 그 크신,
1612,주님과 담대히,주님과 담대히 나아가,
1613,갈보리,갈보리 십자가의,
1614,이삭의 축복 (김민식),나의 사랑하는 자여,
1615,거룩하신 하나님,거룩하신 하나님 주께,
1616,날 위해 이 땅에 오신,날 위해 이 땅에 오신,
1617,예수 주 승리하심 찬양해,예수 주 승리하심,
1618,평안을 네게,평안을 너에게 주노라,
1619,주 나의 모든 것,약할 때 강함 되시네,
1620,눈물의 속죄,눈물로 속죄할 때,
1621,나의 가장 낮은 마음,나의 가장 낮은 마음,
1622,예수 귀한 그 이름,예수 가장 귀한 그 이름,
1623,주의 사랑을,주의 사랑을 주의 선하심을,
1624,주 사랑이 나를 숨쉬게 해,주 사랑이 나를 숨쉬게 해,
1625,주님의 날에,세상의 빛 어둠 밝히는,
1626,축복합니다,축복합니다 주님의,
1627,오라 우리가,오라 우리가 주의,
1628,아름다우신,내 안에 주를 향한,
1629,주 품에,주 품에 품으소서,
1630,주는 평화,주는 평화 막힌 담을,
1631,나 무릎 꿇고서,나 무릎 꿇고서 주께,
1632,하늘 위에 주님 밖에,하늘 위에 주님 밖에,
1633,항상 진실케,항상 진실케 내 맘 바꾸사,
1634,주님과 같이,주님과 같이 내 마음,
1635,눈을 들어 주를 보라,눈을 들어 주를 보라,
1636,땅 끝까지,나의 마음속에 가득,
1637,정욕의 사람 물리치어라,정욕의 사람 물리치어라,
1638,너 어디 가든지,너 어디 가든지,
1639,주의 십자가 능력 있네,주의 십자가 능력 있네,
1640,주 안에서,이 시간 이곳에 모인 사람들,
1641,주를 아는가,주를 아는가,
1642,누군가 널 위해 기도하네,당신이 지쳐서 기도 할 수,
1643,눈을 들어,눈을 들어 영광의,
1644,내가 너를 택했다,사랑하는 내 자녀야,
1645,주께서 전진해 온다,주께서 전진 해 온다,
1646,주를 위한 이곳에,주를 위한 이곳에,
1647,내가 주인 삼은,내가 주인 삼은 모든 것,
1648,주님 큰 영광 받으소서,주님 큰 영광 받으소서,
1649,경배하리 내 온 맘 다해,경배하리 내 온 맘 다해,
1650,주님의 영광 나타나셨네,주님의 영광 나타나셨네,
1651,영원한 갈보리,슬픔걱정 가득 차고,
1652,위로송,당신이 힘들다는 걸,
1653,Jesus Generation,홍해 앞에선 모세처럼,
1654,나와 내 하나님,나는야 친구 되신,
1655,고개들어 주를 맞이해,고개 들어 주를 맞이해,
1656,그 누가 뭐래도 (Higher),그 누가 뭐래도,
1657,우물가에 여인처럼,우물가의 여인처럼,
1658,왕의 왕이 되신 주,왕의 왕이 되 신주,
1659,나의 마음을 (주의 도를),주의 도를 내게 알리소서,
1660,나는 주님을 찬양합니다,나는 주님을 찬양 합니다,
1661,주님의 시간에,주님의 시간에,
1662,내게 강 같은 평화,내게 강 같은 평화 내게,
1663,새벽이슬 같은 주의 청년,아버지여 당신의 의로,
1664,나는 믿음으로,나는 믿음으로 주 얼굴,
1665,문들아 머리 들어라,문들아 머리 들어라,
1666,나의 영혼이 잠잠히 (이유정),나의 영혼이 잠잠히,
1667,사랑해요,사랑해요 목소리 높여,
1668,우리 모두 양과 같이,우리 모두 양과 같이,
1669,빛 되신 주,빛 되신 주 어둠 가운데,
1670,기뻐하며 왕께 노래,기뻐하며 왕께 노래,
1671,예수 사랑해요,예수 사랑해요 나 주,
1672,호산나 (Carl Tuttle),호산나 호산나,
1673,존귀 오 존귀하신 주,존귀 오 존귀하신 주,
1674,똑바로 보고 싶어요,똑바로 보고 싶어요,
1675,주님의 강이,주 보좌로 부터 물이,
1676,우리 함께 기뻐해,우리 함께 기뻐해,
1677,기뻐하며 승리의 노래 부르리,기뻐하며 승리의 노래,
1678,하늘이여 외치라,하늘이여 외치라,
1679,감사 찬송,날 구원하신 주 감사,
1680,주 말씀 향하여,하늘의 나는 새도,
1681,선포하라,선포하라 부활하신,
1682,나에게 생수 부으시니,나에게 생수 부으시니,
1683,주만 바라볼지라,하나님의 사랑을 사모하는,
1684,감사해요 주님의 사랑,감사해요 주님의 사랑,
1685,작은 불꽃 하나가,작은 불꽃 하나가 큰 불을,
1686,밀알,세상을 구원하기 위해,
1687,생명 주께 있네,생명 주께 있네 능력,
1688,하늘 위의 집,초가삼간도 나는,
1689,나의 안에 거하라,나의 안에 거하라 나는,
1690,성령 받으라,성령 받으라,
1691,주께 와 엎드려,주께 와 엎드려,
1692,사역자의 길,찬양 사역 힘든 길을,
1693,나 무엇과도 주님을,나 무엇과도 주님을,
1694,온 땅이여 주를 찬양,온 땅이여 주를 찬양,
1695,목자의 길,목회사역 힘든 길을,
1696,임마누엘,임마누엘 임마누엘 그 이름은,
1697,주를 찬양하는 마음 주셨네,주를 찬양하는 마음 주셨네,
1698,예수는 왕,예수는 왕 예수는 주,
1699,당신은 영광의 왕,당신은 영광의 왕 (Mavis Ford),
1700,그리스도의 계절,민족의 가슴마다,
1701,나 위해 지신 주의 십자가,나 위해 지신 주의 십자가,
1702,내 평생 살아온 길,내 평생 살아온 길 뒤를,
1703,주 찬양하여라,주 찬양하여라 영원히,
1704,시편 5편,나의 말에 귀를 기울이사,
1705,내가 무엇을 바라리요,내가 무엇을 바라리요,
1706,성도의 행진곡,산곡에 백합화 성도들이여,
1707,오 주님께서,오 주님께서 나를,
1708,새롭게 하소서,해아래 새 것이 없나니,
1709,구원 열차,나는 구원열차 올라,
1710,죄의 길에 헤매이던 나,죄의 길에 헤매이던 나,
1711,예수는 내 기쁨,예수는 오직 나의 기쁨,
1712,외치노라,외치노라 나 믿는다고,
1713,모두 다 드려요,그대 헛된 꿈을,
1714,위대하고 강하신 주님,위대하고 강하신 주님,
1715,오라 오라 내게 오라,오라 오라 내게오라,
1716,사랑합니다 (김성수),사랑합니다 나의 하나님,
1717,순례자의 노래,저 멀리뵈는 나의 시온성,
1718,당신은 아는가,괴로운 인생길과 무거운,
1719,여호와 이레 (홍정표),주님 내길 예비하시니,
1720,나를 사랑하는 주님,나를 사랑하는 주님,
1721,약한 나그네,오 나는 약한 나그네요,
1722,나는 왕자다,왕왕왕왕 나는 왕자다,
1723,너 시온아,너 시온아 주를,
1724,삼천리 반도 금수강산,삼천리반도 금수강산,
1725,주 여호와를 앙망하는 자,주 여호와를 앙망하는자,
1726,주님의 보혈,주님의 보혈 주님의,
1727,나는 시온성을 향해 가겠네,나는 시온성을 향해,
1728,주께 더욱 가까이,나는 연약하오나 주의,
1729,하나님은 나의 목자시니,하나님은 나의 목자시니,
1730,주님 사랑해요 (이정림),아침에 지저귀는 저,
1731,오 주 없인 살 수 없네,내 맘속에 있는 참된,
1732,어둠 속에서 주님을,바람속에서 주님을,
1733,주 오늘 재림하신다면,주 오늘 재림하신다면,
1734,하늘 보아도,하늘 보아도 땅을 보아도,
1735,오묘하신 예수,오묘하신 예수 오묘하신,
1736,결코 나는 변치 않으리,결코 나는 변치 않으리,
1737,평강의 왕 주 예수,평강의 왕 주 예수 날 위하여,
1738,주님만 사랑합니다,주님만 사랑합니다,
1739,Joy Joy Joy,우리 여기 모두 모인 이유,
1740,놀라운 그 이름,놀라운 그 이름,
1741,오직 믿음,두려워 말라 어린양이여,
1742,내 안에 사는 이,내 안에 사는이 예수,
1743,하나님께 영광,크신 일을 이루신 하나님,
1744,가장 귀한 말,백마디 말로 다 못하는,
1745,영문밖의 길,서쪽하늘 붉은노을,
1746,나의 입술의,나의 입술의 모든 말과,
1747,왕의 왕께 영광을,왕의 왕께 영광을,
1748,살아계신 하나님 (Kenneth Morris),나에게는 모르는것,
1749,이 날은,이날은 이날은 주의,
1750,오 귀한 그 이름,오 귀한 주이름 오귀한,
1751,호산나 (Todd Parrygrove),호산나 호산나 왕되신,
1752,천국에 함께 갑시다,천국에 함께갑시다 천국에,
1753,포도나무,예수님은 생명의 참포도,
1754,예수님의 크신 은혜,예수님의 크신 은혜 너무나,
1755,오 기쁜 날,오 기쁜날 주님 예수 날 택해,
1756,내 하나님은,내 하나님은 크고 힘있고,
1757,주님만을 섬기리,나의 맘속에 온전히,
1758,날 세우사(날 세우시네),나 지치고 내영혼 연약,
1759,주님여 이 손을,주님여 이 손을 꼭잡고,
1760,목자의 심정,목마른 사슴이 시냇물을 찾듯,
1761,나는 세상의 빛,나는 세상의 빛이니,
1762,사랑하는 자들아 (김두완),사랑하는 자들아 우리가,
1763,어린양 찬양,어린양 찬양 우리 죄 위해,
1764,하늘의 영광 내 맘 넘치네,놀라운 놀라운 날이었네,
1765,예수님 먼저,옛사람 죽었으니 뒤돌아,
1766,천국 행진곡,하나님께 감사하며,
1767,크게 찬양하세,크게 찬양하세 즐거운,
1768,성령의 비,성령의 비를 성령의,
1769,물가로 나오라,주 예수 오셔서 내 슬픔,
1770,주의 사랑으로 사랑합니다,주의 사랑으로 사랑합니다,
1771,나 자유 얻었네,나 자유 얻었네 너 자유,
1772,주 밖에 없네,이땅에 오직 주 밖에 없네,
1773,말씀하시면,주님 말씀하시면 내가,
1774,좋으신 하나님 (좋으신 하나님),좋은신 하나님 좋으신,
1775,예수님이 십자가에 달려,만지지 말아야 했던 것을,
1776,왕이신 나의 하나님,왕이신 나의 하나님,
1777,당신을 닮기 위하여,당신을 닮기 위하여,
1778,놀라운 주의 사랑,놀라운 주의 사랑 넘치는,
1779,길,오늘도 하룻길 나그네 길을,
1780,주님 나를 사랑하시네,주님 나를 사랑하시네,
1781,물이 바다 덮음같이,세상 모든 민족이,
1782,거룩한 성,나 어젯밤에 잘때 한 꿈을,
1783,나는 길 잃은 나그네였네,나는 길 잃은 나그네였네,
1784,예수 나의 기쁨,예수 나의 기쁨 아멘,
1785,내가 그리스도와 함께,내가 그리스도와 함께,
1786,보라 내가 새 일을 행하리라,보라 내가 새일을,
1787,내 영혼아 여호와를,내 영혼아 여호와를,
1788,예수 예수 예수,예수 예수 예수,
1789,나의 모든 행실을,나의 모든 행실을 주여,
1790,나의 주,예수는 나의 주 죽음에서,
1791,어두운 세상에 빛으로 오신,어두운 세상에 빛으로 오신,
1792,그 분은 왕,그 분은 왕의 왕 그 분은,
1793,오 주님,오주님 나를 붙드시면,
1794,하나님 우리와,하나님 우리와 함께 하시오니,
1795,이제 내가 살아도,이제 내가 살아도,
1796,예수,내 사랑하는 그이름 예수,
1797,내 손을 주께 높이 듭니다,내 손을 주께 높이 듭니다,
1798,내 일생 다가도록,내 일생 다가도록 주,
1799,반드시 내가 (반드시),반드시 내가 너를,
1800,눈물 없는 곳,저 하늘에는 눈물이 없네,
1801,예수님은 승리하셨네,예수님은 승리 하셨네,
1802,Deep Deep Down,Deep Deep Down in my,
1803,감사함으로 그 문에 들어가며,감사함으로 그 문에,
1804,예수 안의 생명,죄인들을 위하여 주님,
1805,우리 마음 속에서,우리 마음 속에서 주를,
1806,나의 사랑 나의 생명,나의 사랑 나의 생명,
1807,나의 영혼아 잠잠히 (박윤호),나의 영혼아 잠잠히,
1808,날마다,날마다 숨쉬는 순간마다,
1809,이 험한 세상,이 험한 세상 나,
1810,주의 향기로 채워 주소서,주의 향기로 채워주소서,
1811,인생 모경가,꿈결같은 이세상에 산다면,
1812,사람마다 알지라,사람마다 알지라 사람마다,
1813,주께서 내 길 예비하시네,주께서 내길 예비 하시네,
1814,그는 여호와 전능의 하나님,그는 여호와 창조의,
1815,모든 영광을 하나님께,모든 영광을 하나님께,
1816,HE'S CHANGING ME,He's changing me,
1817,영광의 길 너 걷기 전에,영광의 길 너 걷기전에,
1818,평화의 기도,주여 나를 평화의 도구로,
1819,모든 이름 위에 뛰어난 이름,모든 이름 위에 뛰어난,
1820,할렐루야,할렐루야 할렐루야,
1821,이 날은 주가 지으신 날,이날은 주가 지으신 날,
1822,기도 (이 시간 주님께),이시간 주님께 기도합니다,
1823,어둠 속을 헤맬 때에,어둠 속을 헤맬때에 당신,
1824,예수 인도하셨네,내 인생 여정 끝내어,
1825,주의 이름 높이세,주의 이름 높이세 나의,
1826,세상은 평화 원하지만,세상은 평화 원하지만,
1827,너는 왜 항상 웃니?,너는 왜 항상 웃니,
1828,똑 똑 똑,똑똑똑 문 좀 열어 주셔요,
1829,갈 길 못찾아 헤매이던 나,갈길 못찾아 헤매이던 나,
1830,목마른 사슴,목마른 사슴 시냇물을,
1831,성령의 불길 (참참참),참참참 피흘리신,
1832,사막에,사막에 샘이 넘쳐 흐르리라,
1833,우리가 피차,우리가 피차 사랑의,
1834,괴로울 때 주님의 얼굴 보라,괴로울 때 주님의 얼굴,
1835,놀라운 예수님,놀라운 예수님 크신,
1836,실로암,어두운 밤에 캄캄한 밤에,
1837,내 주는 반석이시니,내 주는 반석이시니,
1838,누가 주님 사랑에서,험한 세상 살면서 내게,
1839,찬송하라,찬송하라 여호와의 종들아,
1840,내 마음에 주를 향한 사랑이,내 마음에 주를 향한 사랑이,
1841,평강의 왕이요 (Jennifer Randolph),평강의 왕이요 자비의(Jennifer Randolph),
1842,서로 사랑하자 (이성봉),이 풍진 세상을 만났으니,
1843,다 이겼도다 (승리하였네),다 이겼도다 어린양의,
1844,슬플때 예수님께 와요,슬플 때 예수님께 와요,
1845,존귀한 주의 보혈,존귀한 주의 보혈 날,
1846,말로 다 측량 못해요,말로 다 측량 못해요,
1847,그 많은 날 지나고,내 주의 일하는데,
1848,양은 오른쪽 염소는 왼쪽,작은자가 주릴 때에,
1849,샬롬,샬루 샬롬 예루살라임,
1850,먼저 그 나라와,먼저 그 나라와 의를,
1851,찬양 찬양 (Mike Herron),찬양 찬양 소리높여 주께,
1852,예수님 품으로,인생길 험하고 마음지쳐,
1853,주의 신을 내가 떠나,주의 신을 내가 떠나 어디,
1854,노래하는 순례자,하늘의 곡조 울리니,
1855,너는 젊은 날에,너는 젊은 날에 곧,
1856,순례자,이 세상 나그네 길 나는,
1857,찬송을 부르세요,찬송을 부르세요 찬송을,
1858,사명 길 걸어 가렵니다,무엇이 그리 아쉬워서,
1859,독생자 예수님,구주 예수되신 주를,
1860,내게로 와서 마셔라,누구든지 목마르거든 내게,
1861,아름다운 사랑을 나눠요,아름다운 사랑을 나눠요,
1862,오 하나님 받으소서,오 하나님 받으소서,
1863,오! 우리 영혼이,오 우리 영혼이 벗어났도다,
1864,말세에 내가,말세에 내가 남종과,
1865,이 시간 주님께 (Graham Kendrick),이시간 주님께 찬양드려요,
1866,내가 어둠 속에서,내가 어둠속에서 헤맬 때에,
1867,이 세상 어딜 가든지,이세상 어딜가든지 어디서,
1868,주의 인자하심을,주의 인자하심을 주의,
1869,솟아 올라라,솟아올라라 생명의 샘물,
1870,나의 주 사랑의 예수님,나의 주 사랑의 예수님,
1871,작은 예수,너무 외로운 세상,
1872,우리는 주의 백성이오니,우리는 주의 백성이오니,
1873,예스 (Yes),하나님이 노크하면,
1874,하나님이 세상을,하나님이 세상을 사랑하사,
1875,울고 있는 형제여,울고있는 형제여 왜,
1876,내 선한 목자,어지신 목자 양먹이시는,
1877,죽으면 죽으리라,주를 위해 살아가는 것,
1878,성령의 바람,성령의 바람 불어와,
1879,호산나 찬양하라,호산나 찬양하라 하늘의,
1880,길 잃은 청지기,내가 너를 믿고 맡긴,
1881,예수는 참 포도나무,예수는 참포도나무 우리는,
1882,마음이 상한 자를,마음이 상한자를 고치시는,
1883,온 땅과 만민들아,온 땅과 만민들아 주님,
1884,주님은 나의 모퉁이 돌이 되사,주님은 나의 모퉁이,
1885,오늘 내가 예수님 만나면,오늘 내가 예수님 만나,
1886,사랑하는 자녀야!,예수님을 외면하며 세상,
1887,오! 할렐루야!,오 할렐루야 우리 다 함께,
1888,노아 할아버지,노아 할아버지 배를,
1889,믿음과 행실,세상의 밝은 빛 되려면,
1890,무화과 나뭇잎이,무화과 나뭇잎이 마르고,
1891,예수님의 보혈로,예수님의 보혈로 예수님의,
1892,남과 북에 만난 역사,남과 북에 만난,
1893,예수님의 사랑 (백승남),예수님의 사랑 너무나,
1894,그가 찔림은,그가 찔림은 우리의,
1895,기도하자 우리 마음 합하여,기도하자 우리 마음,
1896,나 주의 믿음 갖고,나 주의 믿음갖고 홀로,
1897,문들아 너희 머리를,문들아 너희 머리를,
1898,주의 강한 용사들,주의 강한 용사들 지금,
1899,우리들의 무기는,우리들의 무기는 육체가,
1900,심령이 가난한 자는,심령이 가난한 자는,
1901,주께 맡기어라,네 모든 짐을 다 맡기어라,
1902,주만 위해,주여 나의 정성 나의,
1903,OH Happy Day,주 예수를 찬양합시다,
1904,주님 고대가,낮에나 밤에나 눈물,
1905,들어 주소서,들어주소서 나의 주여,
1906,주님과 못 바꾸네,세상에는 눈물 뿐이고,
1907,하나님이 세상을 이 처럼,하나님이 세상을 이처럼,
1908,지존하신 주님 이름 앞에,지존하신 주님 이름 앞에,
1909,주기도문 (Albert Hay),하늘에 계신아버지 (Albert Hay),
1910,아름다운 갈릴리,예쁜새들 노래하는,
1911,좋은 일이 있으리라,하나님을 아버지라,
1912,예수님께서 부르셨어요,예수님께서 부르셨어요,
1913,내 마음에 사랑이,내 마음에 사랑이 싹트고,
1914,나는 광대한 주 이름 찬양,나는 광대한 주 이름 찬양,
1915,주 나의 사랑,주 나의 사랑 나,
1916,주님 되신 참 포도나무,주님되신 참포도 나무에,
1917,예수 결박 푸셨도다,예수 결박 푸셨도다,
1918,주님의 사랑,주님의 사랑 놀라운,
1919,좋으신 하나님 (너무나 내게),좋으신 하나님 너무나,
1920,나의 발은 춤을 추며,나의 발은 춤을 추며,
1921,나는 찬양하리라,나는 찬양하리라 주님,
1922,새 노래로 주를 찬양,새노래로 주를 찬양 모든,
1923,예수 우리 왕이여,예수 우리 왕이여 이곳에,
1924,함께 갑시다,함께 갑시다 내 아버지집,
1925,주를 찬양하며,주를 찬양하며 나이제,
1926,골고다 언덕 위에,얼마나 아프셨나 못박힌,
1927,이 세상을 떠나는 날에,이세상을 떠나는 날에,
1928,여호와 이레 (채우시네),여호와 이레 채우시네,
1929,왕의 왕 예수,왕의 왕 예수 모든,
1930,햇빛 보다 더 밝은 곳,햇빛보다 더 밝은곳,
1931,시편 92편 (아침에 주의),아침에 주의 인자하심을,
1932,여호와의 친밀한 사랑,여호와의 친밀한 사랑,
1933,그는 나를 만졌네,그는 나를 만졌네,
1934,시편 40편,하나님의 음성을 듣고자,
1935,성령이 너희에게,성령이 너희게 임하시면,
1936,주님은 누구시길래,주님은 주님은 누구시길래,
1937,예수님의 사랑 (Ralph E Hudson),예수님의 사랑 신기하고,
1938,예수 안에 있는,예수안에 있는 나에게,
1939,참 좋은 나의 친구,참 좋은 나의 친구 영원하,
1940,십자가 앞 꿇어 엎디어,십자가 앞 꿇어 엎디어,
1941,오늘 집을 나서기 전,오늘 집을 나서기전,
1942,내 가는 길 인도하시네,외로운 길 나와 동행하심,
1943,나는 주의 양,맑은 물이 흐르는 목장,
1944,세개의 못,그때 그 무리들이 예수님,
1945,여호와를 사랑하라,마음을 다하고 성품을,
1946,이 세상은 내 집 아니네,죄많은 이 세상은,
1947,내가 처음 주를 만났을 때,내가 처음 주를 만났을 때,
1948,문을 활짝 열어요,문을 열어요 활짝,
1949,가라 가라 세상을 향해,가라 가라 세상을 향해,
1950,주님은 나의 구원의 반석,주님은 나의 구원의 반석,
1951,그 누가 문을 두드려,그 누가 문을 두드려,
1952,나의 반석이신 하나님,나의 반석이신 하나님,
1953,영광의 나라,너무나도 아름다워라,
1954,세상 권세 멸하시러,세상 권세 멸하시러 주님,
1955,내 주가 주신 이 노래는,내 주가 주신 이노래는,
1956,평강의 왕이요 (Stephen Hah),평강의 왕이요 자비의 (Stephen Hah),
1957,전능하신 나의 주 하나님,전능하신 주 나의 주 하나님은,
1958,우리 모두 함께,할렐루야 할렐루야 (우리 모두 함께),
1959,주님을 의지합니다,주님을 의지 합니다,
1960,성령님 내게 오소서,성령님 내게 오소서 기도,
1961,찬양하라,찬양하라 내 영혼아 찬양,
1962,나는 순례자,나는 순례자 낮선 나라에,
1963,한 눈먼 사람,한 눈먼 사람이 소리쳤네,
1964,기뻐 찬양해,기뻐찬양해 주님안에서,
1965,방황하는 나에게,방황하는 나에게 주님,
1966,어린양 예수,어린양 예수 내 죄를,
1967,난 가리라,어느 좋은 그날 아침에,
1968,서서 진리의 띠를,서서 진리의 띠를 띠고,
1969,주님의 빚진 자,죄악에 썩은 내 육신을,
1970,주님의 사랑,주님이 주시는 파도같은,
1971,갈릴리 호숫가에서,갈릴리 호숫가에서 주님은,
1972,천 번을 불러도,천번을 불러 봐도 내 눈에,
1973,그 모습 그대로 오시오,예수님 십자가에 달리셨네,
1974,손뼉쳐 찬양해,손뼉쳐 찬양하세,
1975,주님의 고통,주님이 결박 당하실 때,
1976,은혜의 강가로,내 주의 은혜 강가로,
1977,야곱의 축복,너는 담장넘어로 뻗은,
1978,또 하나의 열매를 바라시며,감사해요 깨닫지,
1979,주여 한없는 이 기쁨을,주여 한없는 이 기쁨,
1980,신구약 성경 목록가,창세기 출애굽기 레위기,
1981,여호와는 나의 목자시니 (나윤영),여호와는 나의 목자시니 (나운영),
1982,감사로 제사 드리는 자가,감사로 제사 드리는 자가,
1983,오 자유,오 자유 오 자유 나는,
1984,나팔을 불어라 성산에서,말씀으로 무장한 능력의,
1985,거룩 거룩하신 주,거룩 거룩 하신 주,
1986,볼지어다,볼지어다 내가 문밖에 서서,
1987,예수 안에서,예수 안에서 우리,
1988,은과 금 나 없어도,베드로와 요한이 기도하러,
1989,험한 십자가 능력 있네,목적도 없이 나는,
1990,하늘의 해와 달들아,하늘의 해와 달들아,
1991,찬양 드리세 주님께,찬양드리세 주님께 찬양,
1992,부럽지 않네,세상 사람 날 부러워,
1993,메마른 뼈들에 생기를,저 죽어가는 내 형제에게,
1994,오 거룩한 밤,오 거룩한밤 별들,
1995,영광의 주,영광과 존귀와 능력을,
1996,생명수 흐르는 강변,생명수 흐르는 강변,
1997,Again 1907,백년전 이 땅위에,
1998,천 년이 두 번 지나도,천년이 두번지나도 변하지,
1999,아름다운 이야기가 있네,아름다운 이야기가 있네,
2000,여기에 모인 우리 (3절),여기에 모인 우리 (3절),
2001,내 너를 사랑한다,힘이 들고 내 마음 연약할 때,
2002,내가 받은 이 달란트,내가 받은 이 달란트,
2003,"주의 사랑, 능력",주의 사랑 주의 능력,
2004,우리 모두 다 함께,우리 모두 다 함께,
2005,오늘 같이 좋은 날,오늘같이 좋은 날,
2006,능력 많으신 그 손길,나의 영혼이 천국 길 벗어나,
2007,내 한가지 소원 (정구상),이 세상의 그 무엇으로,
2008,동산에 올라,맴도는 생각들이 나를,
2009,이스라엘 하나님 찬양해,이스라엘 하나님 찬양해,
2010,내 안에 있는 한가지 소원,내 안에 있는 한가지 소원,
2011,주의 손에 나의 손을 포개고,주 보혈 날 정결케하고,
2012,비상,마음에 창문을 열고,
2013,항해자,나 비로소 이제 깊고 넓은,
2014,사랑합니다 나의 위로되신 주,사랑합니다 나의 위로되신,
2015,주님이 얼마나 아프셨을까,갈보리 언덕에 십자가,
2016,내 마음 변치 않으리,수많은 행복들이 나에게,
2017,내생이 한 번 뿐이듯,내 생이 한번 뿐이듯,
2018,모든 능력과 모든 권세,모든 능력과 모든 권세,
2019,예수 피를 힘입어,주의 보좌로 나아갈 때에,
2020,내 하나님이,넘지 못할 산이 있다고 해도,
2021,나 예수를 안 뒤에,나 예수를 안 뒤에,
2022,그가 오신 이유,이 세상 가장 아름다운,
2023,나의 하나님이시여,나의 하나님이시여,
2024,주님 마음 내게 주소서,보소서 주님 나의 마음을,
2025,나는 믿네,내게 허락하신 시련을 통해,
2026,주님을 만났네,주님을 만났네,
2027,끝없는 사랑,참 아름다운 우리 주님과,
2028,나 이제 알아요,주님 내가 이제 주님의 사랑,
2029,사랑합니다 (박영재),나의 삶이 주 앞에 향기로운,
2030,마라나타,마라나타 주 예수여,
2031,그 이름 비길 데 어디 있나,그 이름 비길 데가 어디 있나,
2032,나는 행복한 사람,나는 행복한 사람,
2033,주의 향기로 가득히,마음속에 미움과 다툼이,
2034,동일하신 하나님,슬플 때나 즐거울 때나,
2035,찬양 받기에 합당하신 주님,찬양받기에 합당하신 주님,
2036,십자가 그 사랑 멀리 떠나서,십자가 그 사랑 멀리 떠나서,
2037,보라 너희는 두려워 말고,보라 너희는 두려워말고,
2038,주의 도를 버리고,주의 도를 버리고,
2039,내가 어디에서,내가 어디에서 와서,
2040,내 탓이요,내 탓 네 탓 원망 불평 말하지,
2041,그 사랑,아버지 사랑 내가 노래해,
2042,기도하는 사람들은,기도하는 사람들은,
2043,여호와의 유월절,지극히 높은 주님의,
2044,나는 일어서리라,아무 것도 할 수 없는 나에게,
2045,우리가 이 일에 증인 되었으니,우리가 이일에 증인 되었으니,
2046,주를 향한 그리움,성령 하나님 곁에 계시다는 것,
2047,주 오시리 곧 오시리,주 오시리 곧 오시리,
2048,내 구주 예수님,내 구주 예수님 주 같은 분은,
2049,천년을 하루 같이,세상의 헛된 부귀 영화,
2050,사모의 노래,들에 핀 한 송이 작은 꽃처럼,
2051,주의 임재 앞에,주의 임재 앞에 잠잠해,
2052,아무런 이유 없이,아무런 이유 없이,
2053,축복 잔치,잔치로다 축복 잔치,
2054,그대는 아는가,그대는 아는가 그대 몸은,
2055,찬양하리 영원토록,찬양하리 영원토록,
2056,어느 날,어느 날 갑자기 찾아온,
2057,주 말씀,주 말씀 내 발의 등이요,
2058,나를 인도하소서,나 주를 멀리 떠나서,
2059,모세의 노래,여호와를 찬양하리 높고,
2060,이제 알았네,이제 알았네 주님 당신이,
2061,네 모든 짐을 주께 맡겨,네 모든 짐을 주께 맡겨,
2062,내 모든 삶의 행동,내 모든 삶의 행동 주 안에,
2063,주님이 가신 그 길,주님이 가신 그 길을 나도,
2064,부끄러운 고백,나의 양심이 정직하지 못해서,
2065,날 고치소서,날 고치소서 주님의 손으로,
2066,예수 하나님의 공의,예수 하나님의 공의,
2067,임마누엘 하나님,사방으로 우겨싸도,
2068,모든 민족에게,모든 민족에게 주 성령,
2069,주님 곁으로,주님 곁으로 날 이끄소서,
2070,전능하신 하나님,전능하신 하나님과,
2071,사랑의 노래,그윽하게 바라보던 눈동자,
2072,아름답고 놀라운 주 예수,아름답고 놀라운 주 예수,
2073,파도여 잠잠하라,휘몰아치는 파도 위에서,
2074,환난 날에 나를 부르라,내가 주님을 만났을 때에,
2075,주님이 우릴 도우 시네,무거운 십자가 등에 지고,
2076,여호와는 네게 복을 주시고,여호와는 네게 복을 주시고,
2077,들꽃처럼,들꽃처럼 살아온 내 인생,
2078,인생의 사계절,봄바람이 불어오면,
2079,할렐루야 (강태원),할렐루야 (강태원),
2080,피난처 되신 주 구원의,피난처 되신 주 구원의 노래로,
2081,나의 모습 나의 소유,나의 모습 나의 소유,
2082,모든 민족과 방언들 가운데,모든 민족과 방언들 가운데,
2083,교회여 일어나라,교회여 일어나라,
2084,아름다운 00 교회라,어둡고 냉랭한 이땅위에,
2085,나 두렵지 않네요,나 두렵지 않네요,
2086,내게 평화로 답하소서,주여 내 기도 들으소서,
2087,주의 손에 맡겨 드리리,주의 손에 맡겨 드리리,
2088,나의 하나님 (강태원 재편곡),나의 하나님 나의 하나님 (재편곡),
2089,존귀하신 여호와 하나님,존귀하신 여호와 하나님,
2090,있네,내 눈에는 주 예수의 아름다우심,
2091,예수님 나에게,예수님 나에게 찬양하라,
2092,고백하리라,젖어있는 눈망울이,
2093,나의 믿음 주께 있네,나의 믿음 주께 있네,
2094,우리 서로 손을 잡고,우리 서로 손을 잡고,
2095,이제 찾아옵니다,감추어진 죄악을 자랑삼던,
2096,변하지 않는 것이 있어요,변하지 않는 것이 있어요,
2097,우리 때문에,잊을 수 없네 하나님의 사랑,
2098,만세 반석,주님 같은 반석은 없도다,
2099,할렐루야 찬양하세,할렐루야 찬양하세,
2100,내 마음 다해,내 마음 다해 주 이름 찬양해,
2101,다시 복음 앞에 나가자,십자가의 비밀이,
2102,부자 송,여호와께서 복을 주시으로,
2103,은혜로다 (정종택),은혜로다 주와 함께,
2104,주께 가까이 (Adhemar de Campos),주께 가까이 날 이끄소서,
2105,찬양의 열기 모두 끝나면,찬양의 열기 모두 끝나면,
2106,하나님의 사랑 주님의 눈물,하나님의 사랑 주님의 눈물,
2107,하루 하루,하루 하루 지나가는데,
2108,아름다운 세상에서,하나님이 창조하신 (채수련),
2109,네가 나를 사랑하느냐,네가 나를 사랑하느냐,
2110,하늘과 땅의 모든 권세,하늘과 땅의 모든 권세를,
2111,새힘 얻으리,새힘 얻으리 주를 바랄 때,
2112,내가 승리하리라,감당 못할 고난이 닥쳐와도,
2113,내 마음에 가득 채운,내 마음에 가득 채운,
2114,하늘 나라 시온성,저 멀리 높은 시온성이,
2115,나의 하나님 (박영재),여호와 나의 하나님,
2116,십자가의 전달자,난 지극히 작은 자 죄인 중에,
2117,메마른 우리 마음,메마른 우리 마음,
2118,이 죄인의 죄를,온갖 죄악을 저질러서,
2119,오 내 맘에 넘치는 기쁨,오 내 맘에 넘치는 기쁨,
2120,모든 것 되신 주님,별빛 속에 빛나는 주님,
2121,주의 길을 예비하라,살아계신 주 여호와,
2122,충성하게 하소서,주님께서 내게 주신,
2123,왜 사랑하시나,나 같은 죄인을 왜 사랑,
2124,나는 오늘 하루도,나는 오늘 하루도 주님의,
2125,내가 여호와의 말씀을,네가 여호와의 말씀을,
2126,이 그릇을 주님 쓰시려고,더러운 이 그릇을,
2127,은혜 아래 있네,내 아버지의 은혜 아래,
2128,그럼에도 불구하고,마음속에 어려움이 있을 때,
2129,너의 앞에 어려운 일 있을,너의 앞에 어려운 일 있을 때,
2130,내 영혼은 안전합니다,내 아버지 그 품 안에서,
2131,나의 맘 받으소서,나의 맘 받으소서,
2132,임재,하늘의 문을 여소서,
2133,그리운 내 고향,생명수 샘이 흐르네,
2134,하나님은 너를 만드신 분,하나님은 너를 만드신 분,
2135,영혼의 기도,영혼으로 통곡하는,
2136,예수 나의 치료자,예수 나의 좋은 치료자,
2137,토기장이,내가 너를 빚었단다,
2138,높은 곳에서 나를,높은 곳에서 나를,
2139,주의 이름의 능력이,삶이 지치고 힘들어,
2140,내 아들아,내 아들아 내가 아노라,
2141,당신은 주님의 보석,내가 천사의 말을 해도,
2142,묻지 않으시는,너의 하나님 그 앞에,
2143,하늘 권세 그 능력으로,하늘 권세 그 능력으로,
2144,예수님의 흔적,예수님의 흔적이 지나가는,
2145,천국 길을 같이 가요,우리 모두 손을 잡고,
2146,나의 주 나의 하나님이여,나의 주 나의 하나님이여,
2147,죽음보다 강한 사랑,죽음보다 강한 사랑,
2148,고치소서,고치소서 주의 길을 걷게,
2149,예수 감사하리 주의 보혈,예수 감사하리 주의 보혈,
2150,사랑하는 자들아 (윤용섭),사랑하는 자들아,
2151,기도의 날개를 달고,기도의 날개를 달고,
2152,모래위의 발자국,지난 꿈 속에 나는,
2153,여호와께서 성도의 걸음을,여호와께서 성도의 걸음을,
2154,기록할 수 없는 사랑,하늘을 두루마리 삼고,
2155,십자가의 은혜,왜 이렇게 아파하는지,
2156,회복의 은혜,회복의 은혜가 흘러가네,
2157,하나님의 복,우리 교회의 아기,
2158,불같은 성령 임하셔서,오순절 거룩한 성령께서,
2159,순종,빈손으로 왔습니다,
2160,여호와는 나의 목자시니 (신창규),여호와는 나의 목자시니 (신창규),
2161,들풀에 깃든 사랑,오늘 피었다지는 들풀도,
2162,하나님의 조건없는 사랑,나를 기가막힐,
2163,예수님은 사랑이라,예수님은 사랑이라,
2164,주님은 너와 함께,세상 사람들 너를 바라보지 않으며,
2165,예수를 생각하고,예수를 생각하고 나는 나는,
2166,사람을 살리는 노래,주 부르심 따라 예수 이름 부르며,
2167,두렵지 않아,험한 세상 길 나 홀로 가도,
2168,타오르게 하소서,젖은 가슴들 오세요 눈물로 얼룩진,
2169,모자람 (주의 보혈),하나님 앞에 나가긴 아직 모자란게,
2170,내 눈을 떠서 (Open Our Eyes),내 눈을 떠서 주 보게 하시고,
2171,여호와 삼마,이스라엘 백성이 머물던,
2172,생명과 바꾼 주의 사랑을,생명과 바꾼 주의 사랑을,
2173,여호와는 나의 목자니,여호와는 나의 목자니 내가,
2174,믿음의 경주,더 나은 본향을 향하여,
2175,오 나의 주 하나님,오 나의 주 하나님 내 속에 정한,
2176,주님의 마음을 가진 자,주님의 마음을 주님의 심장을,
2177,작은 예배자,나를 버리고 또 버리며,
2178,예수님의 보혈만이,예수님의 보혈만이,
2179,주의 사랑이 지금,주의 사랑이 지금 우리와,
2180,우리 주만 참 하나님,우리 주만 참 하나님 우리 하나님만이,
2181,내 평생의 노래,내 맘 깊은 곳에,
2182,나는 생명 양식 (내 너를 일으키리),나는 생명양식 내게 오는 자 주리지,
2183,주여 임하소서 (Welcome into this place),주여 임하소서 상한,
2184,사랑합니다 영광의 주 하나님,사랑합니다 영광의 주 하나님,
2185,나는 예배자입니다,나는 하나님을,
2186,값지게 하시었네,아! 값지게 하시었네,
2187,주와 함께라면,주와 함께라면 가난해도 좋아,
2188,괴로운 골짜기로 (골고다),괴로운 골짜기로,
2189,전능하신 우리 주 하나님께,전능하신 우리 주 하나님에께,
2190,때를 얻든지 못 얻든지,하나님의 눈물과,
2191,나 같은 죄인 구하시려,나 같은 죄인 구하시려,
2192,주님만이,나 약해있을 때에도 주님은 함께,
2193,내가 연약해도,지금 나에게 한 소망 있네,
2194,지쳐버릴 때,지쳐 버릴 때 나에게로 오라,
2195,네가 정말 빛이냐,네가 정말 빛이냐,
2196,축복하노라,나의 은총을 입은이여,
2197,기쁘게 손뼉치면서,기쁘게 손벽치면서 소리쳐 노래,
2198,날 사랑하는 이/예수 사랑하심은,날 사랑하는 이 예수/예수 사랑하심은,
2199,날 위해 이 땅에,날 위해 이 땅에,
2200,날개,주님을 그리다가,
2201,그 사랑으로 우리,내게 보이신,
2202,주의 길,주의 길 멀고 험해도,
2203,내 영혼 깊은 그 곳에,내 영혼 깊은 그 곳에,
2204,휘장을 지나,휘장을 지나 담대히 주님의 보좌,
2205,왕이신 예수 (All Hail King Jesus),왕이신 예수 그는 임마누엘,
2206,할 수 있거든이 무슨 말이냐,할 수 있거든이,
2207,I will Run To You,주 앙망하는 자 새 힘을 얻으리,
2208,나 변화되었네,깨지지 못한 나의 심령,
2209,주님의 위로,너에게 지금 고난을 주는 것은,
2210,할렐루야 주를 찬양,여기 모인 우리 마음 다해,
2211,주님과 함께,내가 걷고 있는 이길 비록 멀고도,
2212,나를 이끄시는 주님,나를 사랑하시는 주님,
2213,시편 139편,나 보다 나를 잘 아시는,
2214,새로운 계명을,새로운 계명을 우리에게,
2215,외롭지 않아,세상 때문에 눈물 흘려도,
2216,내가 주님을,나의 입술이,
2217,주님 오시면,주님 오시면 나는 말하리,
2218,Born Again,주 안에서 내 영혼,
2219,언제나 주만,주님의 사랑이,
2220,기뻐해,주는 약한 자 돌보시며,
2221,주의 십자가 사랑하리,죄와 허물을 뚫고,
2222,나는 노래하네,나는 노래하네,
2223,우릴 향한 주님 사랑,우릴 향한 주님 사랑 아니요,
2224,여호와께 돌아가자,내 백성이 나를 떠나,
2225,난 자유해,난 자유해 난 자유해,
2226,하나님은 네게 복을 주시고 (축복송),하나님은 네게 축복을 주시고,
2227,주가 일하시네,날이 저물어 갈때,
2228,아버지께,왜 그렇게 사랑했나요,
2229,내려놓음,나를 버리고,
2230,평화 하나님의 평강이,평화 하나님의 평강이,
2231,선한목자,선한 목자 나 길잃고 헤맬 때,
2232,사랑은 여기 있으니,사랑은 여기 있으니,
2233,주여! 당신 발아래,주여 당신 발아래,
2234,날 만나라,날 만나라 날 만나라 그룹,
2235,높이 계신 주께,높이 계신 주께 영광,
2236,하나님의 그늘 아래,하나님의 그늘 아래,
2237,예수 사랑 (나의 사랑),예수 사랑 나의 사랑,
2238,피난처,나는 주를 나의 피난처로,
2239,천국 잔치,하나님의 나팔 소리,
2240,나의 피난처 예수,나의 피난처 예수,
2241,우리는 주님의 움직이는 교회,우리는 주님의 움직이는 교회,
2242,주 은혜 놀랍도다,날 위하여 십자가 지신 주,
2243,일사각오,나는 지금 심령에,
2244,신앙고백,신앙의 참된 의미를 알고,
2245,나의 아버지 (전용대),나를 만드시고,
2246,십자가 사랑,피도 눈물도,
2247,십자가로,나 같은 죄인,
2248,내가 항상,내가 항상 기뻐하며,
2249,주의 나라가 내 안에,주의 나라가 내 안에 임하시네,
2250,에덴의 회복,태초에 하나님이,
2251,주님!주님!주님!,주님 주님 오 나의 주님,
2252,여호와의 영광을 인정하는 것이,여호와의 영광을,
2253,항상 기뻐하라,항상 기뻐하라 할렐루야 항상 기뻐,
2254,내 삶의 주인,주의 사랑을,
2255,나의 기도,하나님 나의 이 마음을,
2256,순례자의 길,섬들아 내 앞에,
2257,아론의 축복,전능하신 하나님 너를,
2258,주 사랑이 내게 들어와,내 입술이 주를,
2259,나의 눈물을 주의 병에 담아,나의 삶에 흘릴 눈물 없건만,
2260,네 눈을 조심해,네 눈이 보는 것을 조심해,
2261,영원하신 그 사랑,사랑스런 그,
2262,너 결코,너 결코,
2263,왕되신 주 앞에,햇살보다 밝게 빛나는 주의 영광,
2264,강한 용사,강한 용사 무장하신 거룩한 만군,
2265,여호와를 앙망하는자,여호와를 앙망하는 자,
2266,Jesus,예수 주 내 삶의 소망,
2267,성령님 이곳에 (오소서),성령님 이곳에 오소서 부드러운,
2268,만방의 족속들아,만방의 족속들아,
2269,내 안에 예수께서 사신 것이라,주님 없이 내가 할 수 있다고,
2270,호렙산 떨기,호렙산 떨기 나무에 나타나신,
2271,주님의 손길,주님의 손길 생명 빛되네 눈먼자,
2272,승리하리라,승리하리라 승리하리라,
2273,주님 때문에,내 몸이 온전치 못하여서,
2274,이 세상 무엇과도 (자유를꿈꾸며),이 세상 무엇과도 (정종원),
2275,주님 주신 평안이,주님 주신 평안이,
2276,주 나의 피난처,주 나의 피난처 주 나의 피난처,
2277,세상 속에서,세상 속에서 눈을,
2278,주님의 은혜 있네,주님의 은혜 있네,
2279,선교사의 삶,내가 즐기고 싶은 것을,
2280,날마다 내 짐을 지시는 주님,날마다 내 짐을,
2281,내 안에 오직 예수,주와 함께 못박힌 후,
2282,난 이렇게 많이 받았는데,난 주러 왔을 뿐인데,
2283,그가 내 안에,내 삶을 안으신 그 사랑,
2284,예수 우리들의 밝은 빛,예수 우리들의 밝은 빛,
2285,누굴 위해 눈물을 흘리나요,당신은 누구를 위해,
2286,주님 말씀하시면,주님 말씀하시면,
2287,십자가 (김지은),걷고 있네 높은 언덕,
2288,너무 힘이 드시죠,너무 힘이 드시죠,
2289,내가 소중한 사람,내가 소중한 사람이라는 것,
2290,예수 구원자,온 땅에 주 같은 분 없네,
2291,하나님의 꿈,영원전에 나를 향한 하늘 아버지의 꿈,
2292,다시 일어서세요,힘들고 어려운 일이,
2293,소리 높여,빛나는 주의 영광,
2294,주님을 원해요,세상의 그 무엇 보다,
2295,내가 길을 잃고 헤매일 때에,내가 길을 잃고 헤매일 때에,
2296,You Still Love Me,주의 이름 부르며,
2297,은혜의 힘입니다,내가 고난중에도,
2298,목자 되신 우리 주님,생명의 근원 반석이신,
2299,내 모습 이대로,내 모습 이대로 사랑하시네,
2300,나의 찬송가운데 임마누엘,나의 찬송 가운데 임마누엘,
2301,주의 흔적 남게하소서,여호와여 나를 통해,
2302,후회의 고백,남은 날이 너무 짧아,
2303,나 아무것 없어도,나 아무것 없어도 주님이 있고,
2304,나갔네,나갔네 나갔네 나갔네 나의 마음,
2305,가장 높은 곳에서,가장 높은 곳에서 가장,
2306,험한 세상 나그네 길,험한 세상 나그네길 나의 맘이,
2307,너의 눈물 닦아 주리라,너의 눈물 닦아 주리라,
2308,하늘 나라 영원하리,우리 인생 가는 세월,
2309,하나님이 세우시는 예배자,내가 선 이곳이 주를 예배하도록,
2310,믿음의 축복,이런 기쁨 세상엔 없네,
2311,그 하나님이,없는 것을 있는 것처럼,
2312,에벤에셀 하나님,감사하신 하나님 에벤에셀,
2313,십자가 그 사랑이,눈물 흘리시는 아버지,
2314,성령 하나님,성령 하나님 나를 만지소서,
2315,하나님의 위로,한 순간도 견디기가,
2316,십자가 그 바람이,십자가 서 있는 곳,
2317,나의 소원,나의 삶은 언제나,
2318,주님의 크신 은혜,십자가에 달려죽으신,
2319,나를 통하여,지금 서있는 이 곳에서,
2320,주님의 숲,어느날 문득 찾아온,
2321,주님 내 편이면,주님 내 편이면 누가 대적하리 항상,
2322,부르심,내게 말씀하신 곳,
2323,내 한가지 소원 (김창석),내 한가지 소원,
2324,너의 편이 되신 주,비바람이 몰아치고,
2325,그 피가,주님이 가신 길 골고다,
2326,나 주님과 함께 살리라,나 주님과 함께 살리라,
2327,나 여호와께 감사할 것은,나 여호와께 감사할 것은,
2328,오직 예수 (이권희),세상 모든 것 내게 다,
2329,섬김,하늘의 영광을 다 버리고,
2330,용서의 주님,내가 써야할 가시관을 대신 쓰고,
2331,그 사랑이 흘러간다,내 가슴 속에 한 소망,
2332,불을 내려 주소서,나는 아네 내가 살아가는 이유,
2333,내 영혼에 은혜의 단비를,사막의 마른 땅과,
2334,나의 찬미 (어찌하여야),어찌하여야 그 크신 은혜 갚으리,
2335,말씀 위 서리,저 마귀 유혹할 때에,
2336,사랑의 주님,내가 가는 길 거칠어도,
2337,내게 가장 귀한 것,나에게 있어서 가장 귀한 건,
2338,내게 주신 은혜,깊은 어둠에 서 있을 때,
2339,누가 나의 마음 알아주리요,누가 나의 마음을 알리요,
2340,나는 가난해도 부유해도,나는 가난해도 부유해도,
2341,나의 예수님,나의 예수님 난,
2342,나 기다립니다,나 기다립니다 내영혼 지치고,
2343,아무것도 두려워 말라,아무 것도 두려워 말라,
2344,여호와의 구원의 성에,여호와의 구원의 성에 거하는자,
2345,우리 승리하리,우리 승리하리 우리 승리하리,
2346,왕 되신 주,왕 되신 주 사랑합니다 왕 되신 주,
2347,너는 내것이라,주님을 나의 길이라,
2348,바울의 고백,내게 말할 수 없는 고통이,
2349,예수님 우시었네,예수님 우시었네,
2350,내가 나 된 것은,나가 나 된 것은 오직 하나님께로,
